{
    "$schema": "https://schema.management.azure.com/schemas/2015-01-01/deploymentParameters.json#",
    "contentVersion": "1.0.0.0",
    "parameters": {
        "location": {
            "value": "eastus"
        },
        "networkInterfaceName": {
            "value": "firstvm496"
        },
        "networkSecurityGroupName": {
            "value": "FirstVM-nsg"
        },
        "networkSecurityGroupRules": {
            "value": []
        },
        "subnetName": {
            "value": "default"
        },
        "virtualNetworkName": {
            "value": "demoRG-vnet"
        },
        "addressPrefixes": {
            "value": [
                "10.0.0.0/16"
            ]
        },
        "subnets": {
            "value": [
                {
                    "name": "default",
                    "properties": {
                        "addressPrefix": "10.0.0.0/24"
                    }
                }
            ]
        },
        "publicIpAddressName": {
            "value": "FirstVM-ip"
        },
        "publicIpAddressType": {
            "value": "Dynamic"
        },
        "virtualMachineName": {
            "value": "FirstVM"
        },
        "virtualMachineComputerName": {
            "value": "FirstVM"
        },
        "virtualMachineRG": {
            "value": "demoRG"
        },
        "osDiskType": {
            "value": "Premium_LRS"
        },
        "dataDisks": {
            "value": [
                {
                    "lun": 0,
                    "createOption": "attach",
                    "caching": "None",
                    "writeAcceleratorEnabled": false,
                    "id": null,
                    "name": "FirstVM_DataDisk_0",
                    "storageAccountType": null,
                    "diskSizeGB": null,
                    "diskEncryptionSet": null
                }
            ]
        },
        "dataDiskResources": {
            "value": [
                {
                    "name": "FirstVM_DataDisk_0",
                    "sku": "Premium_LRS",
                    "properties": {
                        "diskSizeGB": 32,
                        "creationData": {
                            "createOption": "empty"
                        }
                    }
                }
            ]
        },
        "virtualMachineSize": {
            "value": "Standard_DS1_v2"
        },
        "adminUsername": {
            "value": "abhishekVM"
        },
        "adminPassword": {
            "value": null
        },
        "patchMode": {
            "value": "AutomaticByOS"
        },
        "enableHotpatching": {
            "value": false
        }
    }
}